{"count":1,"self":461.32505599999996,"total":469.04523869999997,"children":{"InitializeActuators":{"count":15,"self":0.0015057999999999998,"total":0.0015057999999999998,"children":null},"InitializeSensors":{"count":15,"self":0.0009993,"total":0.0009993,"children":null},"AgentSendState":{"count":23189,"self":3.1174663999999996,"total":3.2343517,"children":{"CollectObservations":{"count":69570,"self":0.016610299999999998,"total":0.016610299999999998,"children":null},"WriteActionMask":{"count":69570,"self":0.0470823,"total":0.0470823,"children":null},"RequestDecision":{"count":69570,"self":0.0531928,"total":0.0531928,"children":null}}},"DecideAction":{"count":23189,"self":3.0510721999999997,"total":3.2539214,"children":{"RayPerceptionSensor.Perceive":{"count":69570,"self":0.20284919999999998,"total":0.20284919999999998,"children":null}}},"AgentAct":{"count":23189,"self":1.2294128,"total":1.2294128,"children":null}},"gauges":{"MummyRay.CumulativeReward":{"count":185,"max":29.1861343,"min":-1.00880134,"runningAverage":17.12736,"value":24.59511,"weightedAverage":16.2476463}},"metadata":{"timer_format_version":"0.1.0","start_time_seconds":"1712115756","unity_version":"2022.3.20f1","command_line_arguments":"C:\\Program Files\\Unity\\Hub\\Editor\\2022.3.20f1\\Editor\\Unity.exe -projectpath D:\\Dev\\GitHub\\2024_GGM_Study\\GameProgramming.AI\\1ST\\MLAgent_Practice -useHub -hubIPC -cloudEnvironment production","communication_protocol_version":"1.5.0","com.unity.ml-agents_version":"2.3.0-exp.3","scene_name":"MummyRay","end_time_seconds":"1712116225"}}